{
    "mae": 35594.73828125,
    "rmse": 52016.109375,
    "r2": 0.7935243248939514,
    "best_epoch": 61,
    "best_val_loss": 0.20190324485301972
}