{
    "mae": 177303.1875,
    "rmse": 201795.171875,
    "r2": -2.107525587081909,
    "best_epoch": 99,
    "best_val_loss": 40757608920.61539
}