{
    "train_loss": [
        0.6826266589783883,
        0.4317093060113663,
        0.375327102089113,
        0.34755714919215946,
        0.32838581433129865,
        0.3213349762119988,
        0.3053061963860379,
        0.3091407757858897,
        0.30010615780141003,
        0.29902747845233874,
        0.2962420559091161,
        0.2918575586563395,
        0.29066046766301457,
        0.28746909281426625,
        0.28558832025805186,
        0.2868204256591871,
        0.2819438740726589,
        0.28170878287087114,
        0.27685597411883894,
        0.27862239998671434,
        0.27310764936860216,
        0.27356925401692245,
        0.2696570248971152,
        0.26973897305338884,
        0.2664797861677732,
        0.2717849252990974,
        0.2645719896049,
        0.2697803736483866,
        0.2626047274458778,
        0.25944924787726514,
        0.2629030340228432,
        0.2572871795747169,
        0.26134641901698225,
        0.2591691488732201,
        0.2584555950448957,
        0.24586418591612993,
        0.2547914491489876,
        0.2513232322106528,
        0.2506943382322788,
        0.25008075664094254,
        0.2541687489133473,
        0.24967416300792103,
        0.2482271741989047,
        0.24324932330569557,
        0.24600966000395227,
        0.2448006621164869,
        0.2417562153161496,
        0.24383486330855725,
        0.24271728338081708,
        0.24416802300847779,
        0.24449898600000744,
        0.2434044059279353,
        0.2406327038310295,
        0.24338341279085293,
        0.24596073426479517,
        0.2431266156508941,
        0.2416524754533934,
        0.24124980654365333,
        0.2409883174438809,
        0.24034663255131522,
        0.23484773809711137,
        0.24232649202494658,
        0.2384821824267391,
        0.23919384513599004,
        0.2358089949964553,
        0.23838989173834638,
        0.23655510647583378,
        0.23577984332922816,
        0.24046813049750734,
        0.23712331180771193,
        0.24000607023752013,
        0.24096073190024656,
        0.2374251743619756,
        0.23629793672021046,
        0.2359134627636089,
        0.2392487040785856,
        0.2331795190251613
    ],
    "val_loss": [
        0.3384347888139578,
        0.29611904804523176,
        0.2866630760522989,
        0.27450020473736986,
        0.28358150216249317,
        0.2809704670539269,
        0.2595016486369647,
        0.27902514946002227,
        0.2522428890833488,
        0.3148401093024474,
        0.26848359875954114,
        0.24795868396759033,
        0.2536596796833552,
        0.2449531043951328,
        0.2716007091678106,
        0.24601756597940738,
        0.23962205419173607,
        0.24386651183550173,
        0.36819292238125434,
        0.23835839640635711,
        0.23621150839787264,
        0.31369108924498923,
        0.23665596155019908,
        0.2508707040777573,
        0.23259240686893462,
        0.23176817550108983,
        0.3250120346362774,
        0.22906085482010474,
        0.24033165127038955,
        0.35474114486804376,
        0.2444383810345943,
        0.2807910279585765,
        0.2978671950789598,
        0.31929897436728844,
        0.3012580943795351,
        0.21617188304662704,
        0.2133787378668785,
        0.2466912389947818,
        0.21442231077414292,
        0.21563148200511933,
        0.3052426347365746,
        0.22693021480853742,
        0.27025101631879805,
        0.206218361052183,
        0.20940890816541818,
        0.21200203207822946,
        0.20747869908809663,
        0.24194854635458726,
        0.2079059639802346,
        0.20614994500692074,
        0.36197620928287505,
        0.31477384200462927,
        0.20498806352798754,
        0.27615629044862894,
        0.20564325486238186,
        0.3378872417486631,
        0.32647449271037027,
        0.3090890572621272,
        0.2341716236793078,
        0.2636054169673186,
        0.20735737199966725,
        0.20190324485301972,
        0.21014853429335814,
        0.2865973139038453,
        0.26817257645038456,
        0.27127957355517607,
        0.2046096405157676,
        0.20456638015233553,
        0.20989916828962474,
        0.26046995371580123,
        0.20302779021171424,
        0.21418158824627215,
        0.2051356675533148,
        0.33660956277297094,
        0.2257412190620716,
        0.25757607978123886,
        0.25274038727466874
    ],
    "learning_rate": [
        0.001,
        0.001,
        0.001,
        0.001,
        0.001,
        0.001,
        0.001,
        0.001,
        0.001,
        0.001,
        0.001,
        0.001,
        0.001,
        0.001,
        0.001,
        0.001,
        0.001,
        0.001,
        0.001,
        0.001,
        0.001,
        0.001,
        0.001,
        0.001,
        0.001,
        0.001,
        0.001,
        0.001,
        0.001,
        0.001,
        0.001,
        0.001,
        0.001,
        0.0005,
        0.0005,
        0.0005,
        0.0005,
        0.0005,
        0.0005,
        0.0005,
        0.0005,
        0.0005,
        0.00025,
        0.00025,
        0.00025,
        0.00025,
        0.00025,
        0.00025,
        0.00025,
        0.00025,
        0.00025,
        0.00025,
        0.00025,
        0.00025,
        0.00025,
        0.00025,
        0.00025,
        0.00025,
        0.000125,
        0.000125,
        0.000125,
        0.000125,
        0.000125,
        0.000125,
        0.000125,
        0.000125,
        0.000125,
        6.25e-05,
        6.25e-05,
        6.25e-05,
        6.25e-05,
        6.25e-05,
        6.25e-05,
        3.125e-05,
        3.125e-05,
        3.125e-05,
        3.125e-05
    ]
}